"text","label","notes"
"It has to be said they are becoming a force to be reckoned with in the football world. Their tactics and training are to be admired and their fan support is fanatical and inspiring. The so called ""100 year plan"" is definitely taking shape and shows its working. It might not be this year give it a few years and watch them become big contenders.","hot_take","Bold long-term prediction of future contention with only vague praise, no specific match evidence."
"lol usa is better than japan never mind top african countries like morocco or a tier below senegal/ivory coast. japan is weaker than those teams. they just dont have any talent really. collective is all good and dandy but no one ever won a world cup with 11 average players. u need a few genuine world class players and japan has none.","hot_take","Sweeping cross-country talent comparison and blanket 'no talent' claim with no supporting data."
"Pump the breaks. I seriously don't see them getting past round of 32. I think Brazil or Morocco will take care of them","hot_take","Confident knockout-stage prediction naming who will eliminate them, no analytical backing."
"Japan? Maybe… but I first want to see how they fare against some power countries not Tunisia.","hot_take","Skeptical opinion/prediction dismissing their schedule strength without specifics."
"That game yesterday looked like a college soccer team beating high school team.","reaction","Humorous belittling comparison of the match, emotional quip with no analysis."
"unfortunately I can't see them winning against a team like Argentina or France, but they will make quarter finals for sure.","hot_take","Confident dual prediction (won't beat France/Argentina but will reach QF) without evidence."
"No chance. They wont win it this year and they are only going to get less competitive with their aging population. If China got their shit together they would have the best chance, or maybe Nigeria","hot_take","Sweeping predictions about aging population and other nations' chances, no data."
"2 deflection goals, and the coach of the dutch was making shit tactics and shit substitutions and xavi simons wasn't there (but to be fair even if its an disadvantage, since he is definetly one you start with, the overall outcome wouldn't change thaaaaaat much but still a disadvantage in my book.)","analysis","Cites specific events (deflection goals), coach tactics, substitutions and a missing starter, weighing their impact on the result."
"This Japan dickriding is never gonna stop. They might be the best team in Asia, but that is a pretty low bar. They're not even the best team outside europe/south america, as theres a lot of teams in africa and north america which are already better than them and just gonna keep getting better. Even with the very very low possibility that a non european or south american country will win a world cup, it sure as hell won't be Japan.","hot_take","Blanket dismissals and cross-region rankings stated as fact without data."
"I have a feeling any day now someone is going to do a segment on some talk show where he and Tim Howard play foosball against each other. Can you bet that on Kalshi? I never used it.","reaction","Off-topic humorous riff about a talk-show bit, no analytical content."
"Super frustrating from an Ecuador POV. Their attack was Turkiye-esque. Most of these shots were right at the GK and easy to stop. Room's performance sounds more impressive in the after match press than it looked live. He did well, no doubt, but the bigger story is Ecuador continues to be toothless up front. Which is too bad, bc it’s otherwise a strong team.","analysis","Specific observation that shots were straight at the GK plus structural critique of Ecuador's toothless attack explaining the result."
"Ecuador look shit and I’ve enjoyed seeing the “they’re dark horses bro trust me bro” brigade scramble to excuse their performances. Just like there’s always one giant who underperforms at a World Cup, there’s always one “dark horse” candidate who just play like shit and make people look silly for suggesting they’d be good","hot_take","Provocative 'look shit' dismissal and mockery of dark-horse hype with no tactical backing."
"I love that more people are predicting a CV win than an Uruguay win LOL. Hopefully that comes true, would be so cool to see them qualify for the next round, and I think 4 points would do it.","reaction","Emotional hope/celebration about predictions, only casual mention of points."
"I suspect an upset from Cabo Verde. When they parked the bus against Spain they had a couple of very effective counters and they probably have more opportunities against an out of form Uruguay.","analysis","References the park-the-bus tactic and effective counters versus an out-of-form side to reason toward an upset."
"Save me goalkeeper daddy","reaction","Short emotional plea about the goalkeeper."
"vozinha my goat 🐐","reaction","Player-hyping with GOAT emoji, pure celebration."
"1-0 or 2-0 CPV let's gooo","reaction","Scoreline cheer / celebratory chant."
"Cabo verde are the real dark horses of this tournament","hot_take","Bold ranking claim ('real dark horses') asserted without supporting analysis."
"How good is Uruguay now? They use to be the OG right?","reaction","Casual question about Uruguay's standing, no argument."
"C'mon Cape Verde, you could keep a clean sheet against Spain, you can do it again.","reaction","Encouraging cheer referencing the clean sheet, emotional support."
"Eloy Room officially locked down the goal so hard that he turned the penalty box into his personal VIP lounge","reaction","Humorous hyperbole celebrating the keeper's dominance."
"15 saves and no goals. Incredible work","reaction","States a stat (15 saves) but only as emotional praise, no structural explanation (edge-case: descriptive)."
"Dude made some amazing saves, there was no…. Room for error.","reaction","Pun/joke ('Room for error'), humor only."
"So proud of our Caribbean brothers! I am almost as happy with their draw as our own win over Sweden. Just such an amazing achievement for such a tiny nation!","reaction","Emotional pride in a small nation's achievement."
"I love how everyone is supporting Curaçao. They are truly such stand outs in this tournament, even if we all know they’re not gonna go all the way. I love the competition of the World Cup, but I also love that it brings the world together in positive ways too.","reaction","Wholesome emotional appreciation of fan support and the tournament."
"Love this, this is the kind of vibes that having new teams in the cup brings.","reaction","Short emotional approval of the 'vibes' from new teams."
"USA is going to win it this year.","hot_take","Blunt championship prediction stated as fact, no backing."
"It'll likely be USA or Mexico.","hot_take","Confident winner prediction without supporting reasoning."
"If you want to be a winning team then you need to win against Netherlands type tier A teams not just draw So yeah i call BS","hot_take","Dismissive 'call BS' opinion with a blanket rule, no specific analysis."
"Op is shit posting. No way they beat Germany let alone France or Brazil.","hot_take","Bold dismissal predicting they can't beat top teams, no evidence."
"This is hilarious. Japan have zero chance this century. If any team outside of Europe/SA are going to win it'll be an African country first before anywhere else. Weebs are seriously getting out of control","hot_take","Sweeping 'zero chance this century' prediction and cross-region claims."
"They were amazing tonight, you do have to consider the team they played against , but yeah they really are that good.","reaction","Emotional praise of the performance with only a vague caveat, no structural detail."
"Japan - Sweden is going to be good!!!!","reaction","Excited anticipation of an upcoming fixture."
"I think an African team with the right structure could get there first, but anything is possible.","hot_take","Cross-region prediction about an African team winning first, no backing."
"I find it funny that so far the two matches in Monterrey both have gotten a difference of +4 goals between both teams","reaction","Amused descriptive observation of a goal-difference coincidence, no analysis."
"Project Blue Lock is real ...ifykyk","reaction","Anime meme reference ('Blue Lock'), insider joke."
"Watching this game in a Tokyo sports bar today was such a blast. And also sans all the obnoxious drunks you’d get in America.","reaction","Personal anecdote about watching in a bar, emotional."
"That live shot of Japan...no looting or fires being started. Huh...civilized people celebrating","reaction","Snarky social commentary on crowd behavior, no match analysis."
"Wow guys how exiting. An average of .25 goals for the losing teams is the last two days.","reaction","Sarcastic remark citing a stat only for emotional effect, no analysis (edge-case)."
"The full-time stats paint a clear picture of how dominant Japan was throughout this Group F World Cup fixture.","hot_take","Claims stats prove dominance but never explains how Japan structurally controlled play (matches the borderline rule)."
"I'm a Japanese but admit we were playing against a trash team","hot_take","Dismissive 'trash team' generalization with no supporting detail."
"the goalkeeper literally blocked no goals lmao","reaction","Mocking descriptive quip about the keeper, emotional."
"Wow does tunisia even want to win? Does not look like a coach problem.","hot_take","Provocative rhetorical dismissal of Tunisia's effort, mentions coach only to dismiss it."
"Unless Tunisia somehow ties or beat Netherlands, it is more beneficial for Japan to lose to Sweden than to beat them.","analysis","Structured qualification-scenario argument reasoning why losing benefits Japan."
"American commentary is... uhh... IDK why but some reason, I'm expecting them to breakout with some wrestling-esque things to say. Here comes the Glasgow Kiss from U-wei-daaaaa","reaction","Humorous riff about commentary style, no analysis."
"Tunisia is on a generational run here. Another loss by 4 goals or more and they might bring back 16 team world cups.","reaction","Sarcastic joke about Tunisia's heavy losses, humor."
"3rd goal is a work of art","reaction","Celebratory praise of a goal ('work of art')."
"Tunisia gave up like a junior school team who just want to go home as soon as possible. It's always sad when you see a demoralized team. The ones who keep fighting till the bitter end are something else.","reaction","Emotional observation of a demoralized team, no structural analysis."
"Dudes not going to Tunsia after the WC","reaction","Joke about the player not returning to Tunisia."
"Hard to get motivated for a guy who looks like he just rolled out of bed with a hangover","reaction","Humorous jab at a player's appearance."
"Nothing beats the raw, joyful fan connection that only the FIFA World Cup can bring out in crowds.","reaction","Emotional appreciation of World Cup fan connection."
"Saxophone Guy's back! Best news all year!","reaction","Excited celebration of 'Saxophone Guy' returning."
"That song never gets old ….Romanian dance-pop era ..","reaction","Nostalgic comment about the song, emotional."
"The stat sheet clearly shows Germany controlled most of this Group E fixture, racking up far more shots and possession than Côte d’Ivoire.","hot_take","Observes shots/possession stats but never explains how Germany structurally used them (explicit borderline example -> hot_take)."
"And man that was an entertaining match. Both teams took their chances and it was really a close fight. Ivory Coast had some of the most incredible offences in the game. And Germany kept creating countless attacks throughout the match, which obviously paid off in the end.","analysis","Describes both teams' chances and links Germany's repeated attacks to the eventual win."
"And another thing, Nagelsmann knew exactly what he was doing with the substitutions. I think it's the first game this world cup where a substitute has scored a winning brace. Undav seriously played awesome.","analysis","Names the coach, credits substitutions and a substitute's brace, with player-performance detail."
"I do feel bad for Ivory Coast though :( They almost had Germany beaten. And they would've bagged a win / draw if their striker didn't casually waste THAT much of a good opportunity in the final minutes. A second touch on the ball was so freaking unnecessary.","analysis","Pinpoints a specific squandered chance (unnecessary second touch) as the reason Ivory Coast didn't win."
"That Ivory Coast striker is going to have nightmare tonight.","reaction","Emotional/humorous sympathy quip about the striker."
"Well played to both teams and ivory coast especially for deadlocking germany for so long but my gosh was the ref making hella bad calls. Not only does ivory have the best actors for injuries but even the goalie fakes it and it was his own teammate that bumped him (lol) that happens and ref awards ivory with a throw or corner, but when germany gets visibly fouled he turns a blind eye and dismisses it??? Like hello i thought refs were supposed to be neutral","hot_take","Opinionated one-sided referee rant; cites incidents as grievance, not as a structural account of the outcome."
"Ecuador performance has been a disaster; they went from being one of the best in the qualifiers to being a disgrace at the World Cup, without taking anything away from the Curacao goalkeeper who had the game of his life. Now Ecuador is obliged to beat the powerful Germany.","hot_take","Emotionally charged 'disaster/disgrace' verdict on Ecuador without structural explanation."
"hot take .... the south american qualifiers shuld be taken with a grain of salt","hot_take","Self-labeled hot take dismissing South American qualifiers, no data."
"I think Spain, Türkiye and Ecuador matches go to show that if your opponent puts 11 people in the box for 90 minutes, there’s not much you can do. If I look at any of the weaker nations that have lost, you can see they have possession of +35%.","analysis","Connects the park-everyone-in-the-box tactic and a possession metric to why weaker sides lose."
"It's hilarious how everyone was hyping up this Ecuador side before the World Cup. Some people were saying they could make a deep run, just for them to essentially go out in the groups lmfao","hot_take","Mocking dismissal of pre-tournament Ecuador hype, no analysis."
"I think you've overestimating how long people will remember these draws for.","reaction","Casual conversational opinion about memory of draws, no match content."
"A 1-0 is more boring than a 0-0 change my mind","hot_take","Provocative 'change my mind' opinion about match entertainment value."
"They’re not dead yet","reaction","Short hopeful quip ('not dead yet')."
"Those defensive performances were really impressive, especially watching Curacao keep Ecuador at bay when they were getting bombarded. The underdog goalkeeping made all the difference in both matches. You're right that they'll stick with people way more than a typical 0-0 stalemate would.","analysis","Credits underdog goalkeeping under pressure as the decisive factor in both results."
"I like how at the end the tunisian goalkeeper just decided he doesn't want to play anymore and let the 4th goal go inside with no attempt to prevent it.","reaction","Mocking descriptive quip about the keeper giving up, humor."
"the last two world cups have made me a huge japan fan. gorgeous kits, beautifully quick counterattacks, a massive traveling fanbase. a delight to watch.","reaction","Fan appreciation of kits, counterattacks and fanbase, emotional."
"The 1000th World Cup match! A clash between the Moon and the Rising Sun!","reaction","Flavorful hype framing of a milestone match."
"It’s currently 3pm in Tokyo, I’m drunk af and it is buzzing. Life is amazing.","reaction","Personal celebratory anecdote (drunk in Tokyo)."
"Guys, how much do we love these Japanese players that get knocked down and get up again they're never going to keep them down.","reaction","Emotional rallying cheer for the players."
"Shoutout Mexico for the support in the stands","reaction","Shout-out to Mexican fans, supportive."
"This makes Cabo Verde look even more impressive","reaction","Brief comparative remark, emotional appreciation."
"Holy shit I was joking about Cabo Verde but mad respect to them. Spain is making the Saudis look like a pickup team. Amazing they held them to 0 goals.","reaction","Surprised emotional respect for Cabo Verde holding Spain."
"Spain finally remembered that to win games you need to score goals, not finish passes","hot_take","Provocative quip criticizing Spain's passing-not-scoring style, no structural backing."
"The tunisia defence were already back home. Japan wont get this with sweden.","hot_take","Dismissive opinion plus a prediction that Japan won't repeat it, no analysis."
"Anakin was foolish enough to do so. And then Doku said: ‘’It is obvious that this contest cannot be decided by our knowledge of the Force, but by our skills with a lightsaber.’’ and the rest is history.","reaction","Star Wars meme riff, humor."
"Imagine if God forbid, there’s a complication during the birth and his wife and child’s lives are at stake and he’s playing in a match. What a crock of shit.","reaction","Emotional hypothetical about the birth situation."
"Absolute masterpie by Curacao. Great rebound from the Germany game to stay alive. Curacao has a tough match up coming against IC but I'd love to see them pull it off andgo through. I do expect it, but it would be cool to see.","reaction","Emotional praise and hopeful prediction, celebratory tone."
"crazy result sad for ecuador, curacao great showing for their first world cup they can hold their heads high!","reaction","Emotional sympathy/praise for Ecuador and Curacao."
"Not buying the heroic keeper narrative though, he made two good saves total - 2nd minute from Valencia shot and 65th minute from Valencia shot - every other save was literally straight at him and attempts you'd expect the 3rd choice keeper in 2nd division of bosnia to make.","analysis","Rebuts the hero-keeper narrative with specific minute-marked saves and shot quality."
"Give that Curacao goalie the keys to the city , and the Goalie award so far this World Cup what a masterclass","reaction","Hyperbolic celebratory praise of the keeper."
"killed my last bet for a 12 games combo. fuck it","reaction","Emotional reaction to a lost bet."
"i saw ppl on polymarket betting hundreds of dollars on belgium, they must be SO pissed","reaction","Amused remark about bettors on Belgium, no analysis."
"Anyone betting on Belgium has no business placing bets, was always an overhyped team","hot_take","'Overhyped team' blanket dismissal with no supporting evidence."
"It now makes sense why flopping is frequent in draw groups like this group. Teams just trying to bait foul play to get upper hand in case things go to a tie-break across all 4 teams","analysis","Explains flopping via the tie-break incentive structure across the group."
"Belgium fraud watch is in full swing","hot_take","Provocative 'fraud watch' dismissal of Belgium, no backing."
"The most exiting thing to happen this game was when I parted and thought that I pooped, but it was a false alarm 💩💨","reaction","Crude humor with emojis, no analysis."
"Tbh the game was pretty entertaining even if there was no goals","reaction","Casual opinion that the game was entertaining."
"0-0 but not for lack of effort. Both goalies deserve MVP for the game.","reaction","Praise of both goalies, emotional appreciation of a 0-0."
"Belgium disappointing. Doesn't matter when you read this","hot_take","Blunt 'Belgium disappointing' verdict stated flatly, no analysis."
"Don’t forget that Iran had to commute in this morning and after the last game didn’t have a minute to get any sort of post game ice bath or treatments. They played at a huge disadvantage so it’s perfectly reasonable that they would be gassed at the end even with a man up.","analysis","Explains Iran fading late through fatigue and lack of recovery time despite being a man up."
"There were fans during the game whenever Bieranvand made a save yelling “hey ho, the strait is closed” funniest chant ever 😂","reaction","Amused anecdote about a crowd chant with emoji."
"If Iran's strategy is to tie their way to the cup, I can see it happening with their goalie.","hot_take","Speculative prediction that Iran can tie its way through, no analysis."
"Watching Belgium try to break down Iran felt like watching someone repeatedly pull on a door that says ""push""","reaction","Humorous analogy mocking Belgium's attack, no structural breakdown."
"Doku's baby just preordered some national trauma DLC if Belgium gets kicked out at a fucking 48 game group stage.","reaction","Dark-humor joke about Belgium's exit, no analysis."
"Considering the disadvantages the Iran team has faced, the BARELY offside shot, the excellent goalkeeping - I’d say this was pretty impressive from Iran. Sorry but I’d rather watch a team park the bus than have no defense at all lol. Hopefully we see more offense from them in the next match 👏","reaction","Appreciative take citing offside/keeping and park-the-bus preference but doesn't structurally explain the result (edge-case)."
"Theyre legit. Even without their stars kubo and miroma","hot_take","Brief 'they're legit' claim noting missing stars but no supporting analysis."
"With Netherlands hanging 5 on Sweden, Japan kinda needs a big number for a chance at winning the group.","analysis","Reasons from Netherlands' 5-goal result that Japan needs a big margin for the group."
"As it stands Netherlands play Morocco, Japan play Brazil and Sweden play Norway. Might be best to lose to Sweden lol. Though Japan can beat Brazil and Norway actually might be harder.","analysis","Works through the bracket permutations and matchup implications of where Japan finishes."
"OMG that would be awesome! We won against Sweden a few weeks ago without Haaland, can't wait to see him let loose on them in a knockout round! 🇳🇴🚣‍♀️😄","reaction","Excited anticipation with emojis about facing Sweden again."
"Beautiful goal! 👏👌","reaction","Short celebratory praise of a goal with emojis."
"Honestly i would say japan wins 3-0 or 3-1 if tunisia locks in. But let's be real Tunisia can't comeback from this","hot_take","Confident scoreline prediction plus dismissal of a Tunisia comeback."
"Holy shit. Do soccer players actually aim through legs like that knowing the defender was going to block or is it pure coincidence","reaction","Amazed question about player intent, no analysis."
"Theyre legit. Even without their stars kubo and miroma","hot_take","Duplicate brief 'they're legit' claim, no supporting analysis."
"why are saudis so bad? 32 years since their debut and no improvement at all. We can always count on them to get hammered in at least one game","hot_take","Rhetorical 'why so bad' generalization mocking Saudi Arabia, no data."
"Believe it or not, Hassan tambakti (Saudi's defender) had more shots on target (2) at his own keeper than Ferran torres did (1) in the 2nd half.","hot_take","Humorous specific stat callout (shots at own keeper) but only for mockery, no structural analysis (edge-case)."
"Maybe Saudi should shell out some more money and buy some more players from the European leagues.","hot_take","Snarky opinion that Saudi should buy European players, no backing."
"Saudi Arabia took a high speed train to Spain without the ‘S’","reaction","Wordplay pun about Saudi Arabia, humor."
"Guys this is a crazy unpopular opinion but I like finding free money and going on vacation.","reaction","Sarcastic joke posing as an unpopular opinion."
"Game officiating has been solid. VAR has been solid. And I think that VAR catching a dive in the USA Paraguay game has sent a very loud and clear message and I feel it","analysis","Argues VAR catching a dive in USA-Paraguay set a clear message, citing a specific event and its effect."
"Shit take because that’s not an unpopular opinion at all! :) refereeing has been great this WC apart from a couple of missed big pen calls.","hot_take","Dismissive 'shit take' reply with a confident verdict on refereeing, little backing."
"This isn’t unpopular. It’s hilarious watching players hit the ground acting they’ve been murdered, and then jump right back up when they realise the ref hasn’t bought their BS.","reaction","Humorous take on players' theatrics, emotional."
"Good header to the paid attendance!","reaction","Joke about a header reaching the crowd."
"Who remembers valencia just from the 2022 world cup opening game against Qatar when he scored 2 goals","reaction","Nostalgic recollection question about Valencia."
"Me and my dad lost it when the Ivory Coast player did hammer the pass in the box but held it in the second half.","reaction","Personal emotional anecdote watching with dad."
"Scoring two late goals to flip a deficit around is the kind of dramatic turnaround that makes World Cup group stage matches unforgettable.","reaction","Emotional appreciation of a dramatic turnaround, general."
"It was there’s to lose. Not providing enough defense and giving Germany that many offensive runs was odd.","analysis","Identifies insufficient defense allowing Germany's runs as why the game was lost."
"Not an easy game for Germany. It was actually pretty close. Ivory Coast could’ve won it if they’d gotten a bit more help from the referee and if their keeper had spent even more time rolling around on the ground like he’d been shot. Physically, Ivory Coast were definitely strong. In the end though, Germany deserved the win. Better link-up play, two goals ruled out, and Undav — the guy’s an absolute machine. A bit lucky, sure, but still a deserved victory.","analysis","Balanced breakdown citing link-up play, two disallowed goals and Undav's impact to justify Germany's deserved win."
"Very closely fought match. Ivory Coast were just a few poor final balls away from winning this game.","analysis","Identifies poor final balls as the specific reason Ivory Coast fell short."
"Balls, heat, or curaçao? The bbc is obviously running out of ideas . This answer seems obvious, but I’m curious what else the expanded format impacts.. will these mid-matches change the golden boot race? And will the expanded format give a long term advantage to teams like the USA who were top seed for the first time ( since 94 when they got the host seed advantage)","analysis","Discusses structural effects of the expanded format on the golden boot race and seeding."
"Bound to happen when there’s 50 teams competing","hot_take","Sweeping 'bound to happen with 50 teams' causal claim, no support."
"It’s no surprise when it’s oversaturated with bad teams","hot_take","Generalization blaming 'oversaturated with bad teams', no evidence."
"I don's see how the more bad teams argument can be valid? Sweden is evidence enough that it is not the reason.","analysis","Counters the bad-teams argument using Sweden as disproving evidence."
"Sweden beat Tunisia 5-1 and then lost to Netherlands 5-1. These two results are absolutely bonkers when you really stop and think about it. Two 5-1 games in a row?! Winning by 4 goals and then losing by 4 goals?!","reaction","Amazed observation of two 5-1 results, emotional, no explanation."
"There's more at play here it seems. I personally think the hydration breaks are the reason. Not least because the players genuinely perform better as a result of it!","analysis","Proposes hydration breaks as the causal reason, with a performance rationale."
"the hydration breaks thing makes sense. teams are fresher in the second half so defenses break down more. also with more games packed in, nobody's had time to really gel defensively the way they would in a normal tournament. it's not just more bad teams, it's the whole structure changing how the game flows.","analysis","Detailed structural reasoning: fresher second halves, no time to gel defensively, format changing game flow."
"Just wait for the real tournament to start in the round of 32.","hot_take","Dismissive 'wait for the real tournament' opinion, no backing."
"The amount of people who didnt read the article, lol. Its measuring it as 33 games to get to 100 goals. How does ""more teams, more games"" have any relevance?","analysis","Argues from the article's 33-games-to-100-goals methodology that 'more games' is irrelevant."
"Except for morocco arab teams have been very disappointing this world cup I mean theychave been shit","hot_take","Blanket 'Arab teams have been shit' generalization, no data."
"Spain's making it look easy but Saudi's defense is just walking through molasses, hard to tell who's actually playing well when one team is this disorganized.","reaction","Notes Saudi disorganization with a quip but doesn't structurally explain the outcome (edge-case)."
"That first goal where Yamal just let's the defender feel him as he peels off to the far post is so pro.","reaction","Appreciative description of Yamal's movement on a goal, no outcome analysis."
"Saudia are so shit. Spain are playing normally making some decent passes in the box.","hot_take","Dismissive 'so shit' verdict on Saudi Arabia, no analysis."
"This was my first world cup experience and it was truly amazing. As a Houstonian football was not very popular growing up, now i am obsessed!!! Thank you to all!","reaction","Personal emotional first-World-Cup enthusiasm."
"By focusing narrowly on competitiveness and measuring it by the lopsided losses, you lose the essence of the games. Were the World Cup in Brazil lacking competitiveness when Brazil lost 7 to 1 at home against Germany? I am glad that the expansion brings a lot more nations to the games and their fans something to celebrate. Think of what it means to those player, their youth, and their nation. It’s not just about the wins/loses. Getting a chance to play against the best is how you build interest and competitiveness. With 32 we would never have met Vozinha from Cape Verde. Lots of other new talent emerging from the games. It’s worth it to me, and all those new fans.","analysis","Structured argument that competitiveness shouldn't be judged by lopsided losses, using the Brazil 7-1 example."
"One of the big narratives at the tournament this year has been that fears of a less competitive tournament were unfounded, and there’s no doubt we’ve seen some success stories like Cape Verde drawing with Spain.","analysis","Argues fears of low competitiveness were unfounded, citing Cape Verde drawing Spain."
"A counterpoint to this though is that lopsided results were more common in the early days of the 32 team era compared to later tournaments - the overall average was 3, but there were only 2 in the last two 32 team tournaments. So perhaps as time goes on, if this format is given time to mature, the competitiveness will steadily creep up again.","analysis","Data-backed counterpoint comparing lopsided-result averages across 32-team eras."
"Just checked Insta and saw that Vozinha has 15M followers now. That’s an insane jump from before the first match. Good for him.","reaction","Anecdote about the keeper's follower jump, no analysis."
"In January the US government added Cape Verde to the list of countries whose citizens have to post a returnable bond of up to $15,000 (£11,200) before travelling to the US, on top of the visa fee. As a result, Vozinha’s mother was unable to complete her application.","reaction","Off-pitch factual note about visa bonds affecting his mother, informational."
"While Caribbean teams have never been powerhouses historically (only Cuba way back in 1938 and Jamaica in 1998 have recorded WC wins in history), their diaspora has been representing them very well on other NT's, particularly on the US, England, France, Canada and Netherlands squads.","analysis","Historical argument with specifics about Caribbean teams and diaspora representation on other national sides."
"That Saudi defense just seems to give those Spanish forwards covid level space lol","reaction","Humorous observation of space given to Spanish forwards, no analysis."
"All were so mesmerizing 😍🔥","reaction","Short emotional praise with emojis."
"They forgot to include the Saudi goals ☹️","reaction","Joke about no Saudi goals with emoji."
"I think Japan is going to smoke Sweden.","hot_take","Confident 'going to smoke Sweden' prediction, no backing."
"If I’m Japan I probably actually prefer the potential path as the runner-up… think they match up better against Brasil than Morocco","analysis","Reasons about preferring the runner-up path due to a better matchup against Brazil."
"Group F is genuinely one of the more chaotic ones this tournament, so many paths to advancement depending on margins. Netherlands probably have the clearest route but Tunisia pulling off an upset would send everything sideways fast.","analysis","Analyzes Group F's multiple advancement paths and how an upset reshapes them."
"Iran can't play USA in the R32. Not because of politics, but because the bracket explicitly states that the US will play 3rd Group B/E/F/I/J in that round. Iran is in Group G.","analysis","Explains via the explicit bracket rules why Iran can't meet the US in the R32."
"It’s for the best, incentive for players to make real chances in the box instead of hitting the ground and hoping for a call","analysis","Argues the anti-diving change creates an incentive for real chances over going to ground."
"Yea, stats back it up. It's also the top teams that gained the most from it. France, England, and Spain. Notice how they scored less, except for England that did get the penalty, twice.","analysis","Argues stats show top teams (France/England/Spain) gained most, with scoring details."
"Refs are letting the players play which I like otherwise there would be even more stoppage on top of the hydration breaks.","analysis","Reasons that letting play continue avoids extra stoppage on top of hydration breaks."
"Diving on light contact not being called. Also Almiron from Paraguay getting a yellow for diving early on in the tournament might have set the tone as well.","analysis","Cites Almiron's early diving yellow as setting the tone for officiating."
"The booking was so funny. They are such a funny team. Yellow card for diving, red guy covering their mouth.","reaction","Amused commentary on a booking, humor."
"Great reffing. They aren’t calling nitpicky contact, and they aren’t tolerating or giving into flopping.","analysis","Praises the reffing and explains the basis (not nitpicky, not tolerating flopping)."
"I was at the match, too. Being in the middle of all that energy was incredible. It looks like you scored some pretty good seats to witness the goals from. Have you been to any other matches and/or are you going to any upcoming matches? Just curious.","reaction","Personal social comment about being at the match."
"I still think Germany messed up by beating Ivory Coast and topping the group. They should have gotten a draw, and made sure they finished 2nd to avoid playing France early in the Round of 16.","analysis","Argues Germany erred by topping the group, reasoning about avoiding France in the R16."
"big spain day, hope atlanta's ready for that crowd","reaction","Short hype about a big Spain day and the crowd."
"Japan is the dark horse in this tournament! Love the way they play, always on the attack and relentless on defense!","hot_take","Bold 'dark horse' ranking with emotional praise and only vague style description."
"I’m afraid these “second round” of games are pretty dull, thanks to the new 48 team format. After the first lot of games you basically have around 1/3 of the teams already through (the ones that already got 3 points). And then the other 2/3 of teams are of course eager to get points on the board, but equally they know that should they lose again (or draw) they still have a very good chance of being able to salvage qualification with a single victory in their last game. Makes it all feel very low stakes right now.","analysis","Structured argument that the 48-team format makes second-round games low-stakes."
"Spain has to lock in in this game because if they draw or lose, it’s gonna be very bad for them knowing that everybody says that they are one of the favourites","reaction","Casual must-win urgency comment with only shallow reasoning."
"Is it just me or has the crowd noise deliberately been turned down on the broadcasts and replays. The commentators are loud and the crowd is almost silent which I can’t believe is the actual reality. Has anyone else noticed this?","reaction","Question about crowd noise being turned down on broadcasts."
"Recently came across multiple posts on social media about this wc having the best group stage matches ever. Is it true? I’m new to football and can’t speak for any side hence asking out to the veterans.","reaction","Newcomer question asking veterans if the group stage is the best ever."
"This year’s larger group count seems to have ensured that there are no really dangerous groups of death. There are some tough groups but it’s pretty easy to tell even before the kick off of the cup which teams were going forward. It’s always great to watch the games, but other than a few close calls and some unforeseen ties, it’s fallen into place pretty much as planned. The round of 32 should level things back out but allowing 3rd place teams to move on just feels wrong to me.","analysis","Argues the larger group count removed groups of death and questions 3rd-place qualification."
"My unpopular opinion is that the group stage matches overall provide the best matches and have in all the world cups I've watched since 1982. The fact that is not ""do or die"" allows the teams to take more chances and creates more offensive football. And the expansion to 48 teams has not added more insignificant teams, as the overall increased global competitiveness of the sport means there are more teams with the needed skills to compete.","analysis","Structured argument that non-do-or-die group games and 48-team expansion improve the football."
"Capitalists were always in charge.  The difference is addressable market.  A stadium holding 80,000 fans 40 years ago was able to hold a higher % of the population thus demand was lower.  A stadium today would beed to hold about 120,000 to create the same supply/demand dynamic.  Since stadiums haven't actually gotten much bigger in capacity while population is growing you get a higher demand but no corresponding increase in supply.","analysis","Structured supply/demand argument about stadium capacity and ticket pricing."
"Great photos mate, looks like a good time. You're making me nostalgic for the old days of football","reaction","Nostalgic compliment on the photos."
"So after hearing a lot about the Philly Eagles curse, I fully support leaning into it being real. If we lose, it was the curse's fault, if we win, we broke the curse. If we draw then the Americans are confused. Either way, we roll","reaction","Humorous embrace of the Philly curse, no analysis."
"Guys I need a hug 🥲","reaction","Emotional plea for a hug with emoji."
"The Mexico stadiums are spectacular. Really enjoying this WC. I can see the Round of 32 having some Final 4 type matchups.","reaction","Emotional enjoyment plus a vague matchup prediction."
"This world cup should have taken place only in Mexico. The only country in the world, that when it says ""football"" is for something else than the rest of the world does, a country that has zero connection or culture around football, a country that has non stop been engaging in wars SHOULD HAVE NOT BE GIVEN THE WORLD CUP. This is USA I am talking about, in case it wasn't already very obvious","hot_take","Provocative rant that the US shouldn't host, sweeping claims with no support."
"This is a huge step forward for football integrity! It’s about time VAR properly punishes simulation instead of letting divers get away with cheap free kicks.","hot_take","Enthusiastic confident verdict that the VAR change is a huge step for integrity, opinion-driven."
"More of this. It's super cringe watching slomo of a dude diving crying on the ground when he wasn't even touched.","reaction","Emotional approval ('more of this') mocking divers, no analysis."
"Big fan of this - the diving in the men’s game is embarrassing","reaction","Short opinion that diving is embarrassing."
"It’s a red card because it was a foul that costed Iran an opportunity to score. Iran player was about to have a breakaway and get a really good chance of scoring but belgium fouled taking that away, so even if the foul wasn’t “bad” it’s a red because of how crucial that opportunity is. the defender fouled him knowing that when iran got passed him he could score easily, so red card","analysis","Explains why it's a red card by tying the foul to denying Iran a clear breakaway scoring chance."
"I am absolutely fading Belgium is the knockout rounds if they play anybody competent. They lack total creativity on offense, and rely too much on the cross. Iran's goalie played a great game in my opinion. Was aggressive when needed, and made the right decisions. Despite being 0-0 pretty entertaining game","analysis","Tactical breakdown: Belgium lacks creativity and over-relies on crosses, plus keeper assessment and a prediction."
"Iran played haramball until Belgium got the red card and Iran came dangerously close to winning. This is a weird World Cup","analysis","Identifies the red card as the turning point shifting Iran from defending to nearly winning."
"I was so happy i thought they were going to win just to get shot down so fast by Germany😭","reaction","Emotional disappointment at losing to Germany with emoji."
"I may be saying something controversial, but I'll say it. If African teams had the same budget as European teams, they would've won several World Cups already.","hot_take","Bold controversial counterfactual that African teams would have won with European budgets, no support."
"Well... Africa has a lot of players that are born and raised in Europe, so to an extent they do benefit from European club football's funding. So the advantage from having their own clubs will not necessarily go from 0 to 100.","analysis","Counterargument reasoning that African players already benefit from European club funding."
"Sweden last week: 5weden :) Sweden this week: 5weden :(","reaction","Wordplay pun ('5weden') about Sweden's swing, humor."
"Japan holding this Dutch side to a draw suddenly looks a lot more impressive.","reaction","Brief retrospective appreciation that Japan's draw looks better, light."
"Well done to the Netherlands, Summerville will be the one player to really look out for, also Japan deserves more credit holding this Netherlands side to a draw.","reaction","Praise and a player-to-watch shout, emotional/opinion."
"I think the big difference was the tactical adjustment from the Netherlands. Against Japan they looked too static and didn’t get enough bodies into the box, so a lot of attacks lacked real threat.","analysis","Attributes the difference to a Dutch tactical adjustment (too static, too few bodies in the box vs Japan)."
"The Japan game exposed some issues, but today felt like a completely different setup and execution.","analysis","Notes a changed setup and execution as the reason for the improved performance."
"Sweden doesn't look like they play well enough to win 5-1 last week but also not that bad to be thrashed 5-1 like this","reaction","Puzzled observation about Sweden's inconsistency, no explanation."
"Nice to see a game without the drama, time wasting and diving that we’ve become accustomed to with South American teams. This game was played very fair - basically 0 bullshit.","hot_take","Praises a clean game but via a blanket generalization about South American teams' diving."
"Sweden weren't terrible tbh. This wasn't one of those ""5-1 and total domination"" games. They had spells, created a few moments, but Netherlands punished basically every defensive mistake. Feels like the Dutch finally stopped overthinking and just attacked with intent. Scary team if they keep finishing like this.","analysis","Match breakdown: Sweden had spells but Netherlands punished every defensive mistake with renewed attacking intent."
"I’m from Germany, wife’s from Ivory. Going to be a fun one to watch","reaction","Personal note about a mixed-nationality household, no analysis."
"That would have been scary, thinking this is it...this is how I go, trapped inside of a huge flag at the world cup.","reaction","Humorous fear about being trapped in a flag."
"That's the loudest BOO for the ad break I've heard yet","reaction","Observation of crowd booing an ad break, emotional."
"As a Dutch fan, it's always so frustrating that whenever they play well, they start playing worse once they are ahead.","reaction","Fan frustration about a recurring pattern, no specific analysis."
"Much respect to Sweden, the result was very favorable to Nederlands, but you all put in a lot of high quality attacks and I wish you all the best success and hopefully you secure the second or third place qualifier. I could see you all causing some trouble in the knockout stage if you can shore up your defense.","reaction","Sportsmanship praise with a light suggestion, emotional."
"I’m in La and have been literally just couch rotting all weekend watching game after game. I love this shit. My favorite time is always World Cup season","reaction","Personal emotional enthusiasm about watching all weekend."
"Considering Africa and Asia had been shafted for generations and mostly either at war or colonised it's no surprise- they had a lot more to focus on than the World Cup- most of these modern countries didn't exist for biggest part of the past 100 years.","analysis","Historical/socioeconomic argument that war and colonization explain Africa/Asia's results."
"Or rather, like in most sports, those who have played the sports the longest (western countries and countries largely settled by westerns - NA & SA), and countries with the most financial resources (the west) tend to do better in sports where the difference is usually determined by quality of training, accessibility to equipment and match play against quality peers, and stability of the home and country. Cultural desire and interest to play the sport also matters.","analysis","Structured argument that sport longevity, resources, training and culture drive success."
"african teams are on the rise, morocco has been consistently good for a little bit now, senegal is competitive. i love to see it. don't love morocco personally but it would be cool to see an african team in the final","reaction","Fandom hope about African teams rising, emotional with examples."
"This could be a career ending injury in all honesty. Hope the best for his recovery","reaction","Emotional concern and well-wishes about the injury."
"Aliens come down at the end of the World Cup and want their team to play an Earth team made up of only players from the World Cup. Who are you picking?","reaction","Playful hypothetical prompt, no analysis."
"whoever wins the world cup would be my pick. its a team sport and if that team managed to win they are the best choice. just taking the best players and trying to make a team out of that isnt really that good. might want to read into real madrid with zidane back in the day. they had so many great players but it really didnt translate into a great team as much.","analysis","Argues the winning team is best, using the Real Madrid galacticos example that talent doesn't equal a team."
"The only reason why foreign fans are shocked is because the actual reality is that other countries, including western ones, are way more prejudiced and xenophobic than the US is. They just assume the US is the same but the truth is US “culture” is just a mixture of dozens of cultures, and it’s probably the most diverse country on the planet on top of that. That, and also people fell for the shit they hear on social media about the US.","hot_take","Sweeping confident claim that the US is least prejudiced/most diverse, no data."
